{
  "model_name": "Gradient Boosting",
  "train_accuracy": 0.73709375,
  "test_accuracy": 0.7317,
  "train_precision": 0.762985006512707,
  "test_precision": 0.7577432790609617,
  "train_recall": 0.8240404164869694,
  "test_recall": 0.8219830773022262,
  "train_f1": 0.7923382617925111,
  "test_f1": 0.7885570178895106,
  "test_roc_auc": 0.8001943240958351,
  "cv_mean": 0.803141451198518,
  "cv_std": 0.0030921733898669266,
  "classification_report": {
    "0": {
      "precision": 0.6810890360559235,
      "recall": 0.5912865721221413,
      "f1-score": 0.6330187388866092,
      "support": 15654.0
    },
    "1": {
      "precision": 0.7577432790609617,
      "recall": 0.8219830773022262,
      "f1-score": 0.7885570178895106,
      "support": 24346.0
    },
    "accuracy": 0.7317,
    "macro avg": {
      "precision": 0.7194161575584426,
      "recall": 0.7066348247121838,
      "f1-score": 0.7107878783880599,
      "support": 40000.0
    },
    "weighted avg": {
      "precision": 0.7277446410609401,
      "recall": 0.7317,
      "f1-score": 0.7276871124017251,
      "support": 40000.0
    }
  },
  "confusion_matrix": {
    "tn": 9256,
    "fp": 6398,
    "fn": 4334,
    "tp": 20012
  }
}